GROUP,PACKAGE,CLASS,INSTRUCTION_MISSED,INSTRUCTION_COVERED,BRANCH_MISSED,BRANCH_COVERED,LINE_MISSED,LINE_COVERED,COMPLEXITY_MISSED,COMPLEXITY_COVERED,METHOD_MISSED,METHOD_COVERED
event-planner-mini,edu.course.eventplanner.service.model,Venue,3,30,0,0,1,11,1,5,1,5
event-planner-mini,edu.course.eventplanner.service.model,Guest,0,15,0,0,0,6,0,3,0,3
event-planner-mini,edu.course.eventplanner.service.model,Task,0,9,0,0,0,2,0,2,0,2
event-planner-mini,edu.course.eventplanner.service,Main,329,0,31,0,109,0,28,0,8,0
event-planner-mini,edu.course.eventplanner.service.util,Generators,75,0,2,0,7,0,4,0,3,0
event-planner-mini,edu.course.eventplanner.service.service,VenueSelector,15,90,4,14,1,19,3,8,0,2
event-planner-mini,edu.course.eventplanner.service.service,SeatingPlanner,5,115,2,16,1,27,2,9,0,2
event-planner-mini,edu.course.eventplanner.service.service,TaskManager,0,59,0,4,0,15,0,7,0,5
event-planner-mini,edu.course.eventplanner.service.service,GuestListManager,2,96,1,3,1,21,1,9,0,8
